{"name":"b5b6f39f-d6f5-4189-9174-0331cf461d51","id":"/providers/Microsoft.Flow/flows/b5b6f39f-d6f5-4189-9174-0331cf461d51","type":"Microsoft.Flow/flows","properties":{"apiId":"/providers/Microsoft.PowerApps/apis/shared_logicflows","displayName":"Export to Excel","definition":{"metadata":{"workflowEntityId":null,"processAdvisorMetadata":null,"flowChargedByPaygo":null,"flowclientsuspensionreason":"None","flowclientsuspensiontime":null,"flowclientsuspensionreasondetails":null,"creator":{"id":"d846412e-6117-442d-823f-5b260e3cf815","type":"User","tenantId":"6e9d22f8-d9e5-4479-bfef-33ab60f4da24"},"provisioningMethod":"FromDefinition","failureAlertSubscription":true,"clientLastModifiedTime":"2023-05-04T14:44:33.0914117Z"},"$schema":"https://schema.management.azure.com/providers/Microsoft.Logic/schemas/2016-06-01/workflowdefinition.json#","contentVersion":"1.0.0.0","parameters":{"$authentication":{"defaultValue":{},"type":"SecureObject"}},"triggers":{"manual":{"metadata":{"operationMetadataId":"ed5836d7-77eb-4b1d-8154-e377232b4e76"},"type":"Request","kind":"PowerApp","inputs":{"schema":{"type":"object","properties":{"Content_Inputs":{"type":"any","description":"Inputs","x-ms-powerflows-param-ispartial":false}},"required":["Content_Inputs"]}}}},"actions":{"Content":{"runAfter":{},"metadata":{"operationMetadataId":"67a239d8-4bc2-4bed-a26f-0ef65703d027"},"type":"Compose","inputs":"@triggerBody()['Content_Inputs']"}}},"connectionReferences":{},"flowFailureAlertSubscribed":false,"isManaged":false}}