{"name":"74e89430-ece8-4e9e-8cd5-fbea671d45b6","id":"/providers/Microsoft.Flow/flows/74e89430-ece8-4e9e-8cd5-fbea671d45b6","type":"Microsoft.Flow/flows","properties":{"apiId":"/providers/Microsoft.PowerApps/apis/shared_logicflows","displayName":"ImportExcel","definition":{"metadata":{"workflowEntityId":null,"processAdvisorMetadata":null,"flowChargedByPaygo":null,"flowclientsuspensionreason":"None","flowclientsuspensiontime":null,"flowclientsuspensionreasondetails":null,"creator":{"id":"d846412e-6117-442d-823f-5b260e3cf815","type":"User","tenantId":"6e9d22f8-d9e5-4479-bfef-33ab60f4da24"},"provisioningMethod":"FromDefinition","failureAlertSubscription":true,"clientLastModifiedTime":"2023-06-08T15:39:53.4453569Z"},"$schema":"https://schema.management.azure.com/providers/Microsoft.Logic/schemas/2016-06-01/workflowdefinition.json#","contentVersion":"1.0.0.0","parameters":{"$connections":{"defaultValue":{},"type":"Object"},"$authentication":{"defaultValue":{},"type":"SecureObject"}},"triggers":{"manual":{"metadata":{"operationMetadataId":"79c1d2ea-bfec-4a92-9595-d3649440ba59"},"type":"Request","kind":"PowerApp","inputs":{"schema":{"type":"object","properties":{},"required":[]}}}},"actions":{"List_rows_present_in_a_table":{"runAfter":{},"metadata":{"01TJ3LUV2YC5IFI6LFORDKE32TGRG7B7AA":"/TESTCSV/NCRTemplate.xlsx","operationMetadataId":"7e77aea6-cc63-412f-b93a-40db0dab9fb4","tableId":"{BC1FA40C-5CC5-4481-A1EA-0E42BDABF334}","01TJ3LUV3VV54XPJF4FRF3FF64XKS6P5JZ":"/TESTCSV/Book.xlsx","01TJ3LUVYPOTBEWH4JF5GI5RSGWXGKQFL3":"/TESTCSV/uploadTemplate.xlsx"},"type":"OpenApiConnection","inputs":{"host":{"apiId":"/providers/Microsoft.PowerApps/apis/shared_excelonlinebusiness","connectionName":"shared_excelonlinebusiness","operationId":"GetItems"},"parameters":{"source":"sites/ontariocannabisstore.sharepoint.com,f3311968-05ed-46d6-ad4a-d614df720e9a,0c8ded42-e8ad-407c-9c47-a6005ab4c787","drive":"b!aBkx8-0F1katStYU33IOmkLtjQyt6HxAnEemAFq0x4f6BRgX0pzuRLxdRndDZ35R","file":"01TJ3LUVYPOTBEWH4JF5GI5RSGWXGKQFL3","table":"{BC1FA40C-5CC5-4481-A1EA-0E42BDABF334}","dateTimeFormat":"ISO 8601"},"authentication":{"value":"@json(decodeBase64(triggerOutputs().headers['X-MS-APIM-Tokens']))['$ConnectionKey']","type":"Raw"}}},"Apply_to_each":{"foreach":"@outputs('List_rows_present_in_a_table')?['body/value']","actions":{"Create_item":{"runAfter":{},"metadata":{"operationMetadataId":"d7f0a034-5bf8-4a42-bc87-9ff664ac9263"},"type":"OpenApiConnection","inputs":{"host":{"apiId":"/providers/Microsoft.PowerApps/apis/shared_sharepointonline","connectionName":"shared_sharepointonline","operationId":"PostItem"},"parameters":{"dataset":"https://ontariocannabisstore-my.sharepoint.com/personal/muhammadsajid_iqbal_ocs_ca","table":"f99114ab-9dcb-4697-b287-1ac6f9f121dd","item/Title":"@concat('Generating ID...')","item/VendorName":"@items('Apply_to_each')?['Vendor Name ']","item/PO_x0023_":"@items('Apply_to_each')?['PO Number']","item/ItemNumber":"@items('Apply_to_each')?['Item Number']","item/ProductName":"@items('Apply_to_each')?['Product Name']","item/LotNumber":"@items('Apply_to_each')?['Lot Number ']","item/PackageDate":"@items('Apply_to_each')?['Package Date']","item/Boxes":"@items('Apply_to_each')?['Cases']","item/Units":"@items('Apply_to_each')?['Units ']","item/IncidentDescription":"@items('Apply_to_each')?['Comments']","item/IntelexRef":"@items('Apply_to_each')?['Intelex NCR_x0023_']","item/IncidentDate":"@items('Apply_to_each')?['Incident Date']","item/Status":"Registered","item/VendorClass":"@items('Apply_to_each')?['Vendor Class']"},"authentication":{"value":"@json(decodeBase64(triggerOutputs().headers['X-MS-APIM-Tokens']))['$ConnectionKey']","type":"Raw"}}},"Update_item":{"runAfter":{"Create_item":["Succeeded"]},"metadata":{"operationMetadataId":"3909e1d6-5cda-449b-961c-82959979619f"},"type":"OpenApiConnection","inputs":{"host":{"apiId":"/providers/Microsoft.PowerApps/apis/shared_sharepointonline","connectionName":"shared_sharepointonline","operationId":"PatchItem"},"parameters":{"dataset":"https://ontariocannabisstore-my.sharepoint.com/personal/muhammadsajid_iqbal_ocs_ca","table":"f99114ab-9dcb-4697-b287-1ac6f9f121dd","id":"@outputs('Create_item')?['body/ID']","item/Title":"@concat('NCR-',formatDateTime(utcNow(),'yyyy'), '-' , add(add(outputs('Create_item')?['body/ID'],0),000))"},"authentication":{"value":"@json(decodeBase64(triggerOutputs().headers['X-MS-APIM-Tokens']))['$ConnectionKey']","type":"Raw"}}}},"runAfter":{"List_rows_present_in_a_table":["Succeeded"]},"metadata":{"operationMetadataId":"8b263880-2b35-40e7-9d18-965a1425e56b"},"type":"Foreach"}}},"connectionReferences":{"shared_excelonlinebusiness":{"connectionName":"shared-excelonlinebu-6046dbb1-7706-4fe1-b125-caba5905538f","source":"Invoker","id":"/providers/Microsoft.PowerApps/apis/shared_excelonlinebusiness","tier":"NotSpecified"},"shared_sharepointonline":{"connectionName":"1615ca2102c04dd7a8a0c4a32478c7c1","source":"Invoker","id":"/providers/Microsoft.PowerApps/apis/shared_sharepointonline","tier":"NotSpecified"}},"flowFailureAlertSubscribed":false,"isManaged":false}}