{"name":"0ffa0b71-8d18-4b07-a5fa-d8214e8f5cab","id":"/providers/Microsoft.Flow/flows/0ffa0b71-8d18-4b07-a5fa-d8214e8f5cab","type":"Microsoft.Flow/flows","properties":{"apiId":"/providers/Microsoft.PowerApps/apis/shared_logicflows","displayName":"ExportCollection","definition":{"metadata":{"workflowEntityId":null,"processAdvisorMetadata":null,"flowChargedByPaygo":null,"flowclientsuspensionreason":"None","flowclientsuspensiontime":null,"flowclientsuspensionreasondetails":null,"creator":{"id":"d846412e-6117-442d-823f-5b260e3cf815","type":"User","tenantId":"6e9d22f8-d9e5-4479-bfef-33ab60f4da24"},"provisioningMethod":"FromDefinition","failureAlertSubscription":true,"clientLastModifiedTime":"2023-06-05T21:31:24.9594225Z"},"$schema":"https://schema.management.azure.com/providers/Microsoft.Logic/schemas/2016-06-01/workflowdefinition.json#","contentVersion":"1.0.0.0","parameters":{"$connections":{"defaultValue":{},"type":"Object"},"$authentication":{"defaultValue":{},"type":"SecureObject"}},"triggers":{"manual":{"metadata":{"operationMetadataId":"5d8733ee-1c73-4342-89a0-58c6ecb51118"},"type":"Request","kind":"PowerApp","inputs":{"schema":{"type":"object","properties":{"Compose_Inputs":{"type":"any","description":"Inputs","x-ms-powerflows-param-ispartial":false}},"required":["Compose_Inputs"]}}}},"actions":{"Compose":{"runAfter":{},"metadata":{"operationMetadataId":"ad7641e8-a0dc-4be6-830c-6279abf5e8da"},"type":"Compose","inputs":"@triggerBody()['Compose_Inputs']"},"Create_CSV_table":{"runAfter":{"Compose":["Succeeded"]},"metadata":{"operationMetadataId":"ffe0c867-c053-4a4c-9efa-eeb367f9d644"},"type":"Table","inputs":{"from":"@json(outputs('Compose'))","format":"CSV"}},"Create_file":{"runAfter":{"Create_CSV_table":["Succeeded"]},"metadata":{"operationMetadataId":"42348f72-21ef-402f-a6a2-b8ebc27b5df0"},"type":"OpenApiConnection","inputs":{"host":{"apiId":"/providers/Microsoft.PowerApps/apis/shared_sharepointonline","connectionName":"shared_sharepointonline","operationId":"CreateFile"},"parameters":{"dataset":"https://ontariocannabisstore.sharepoint.com/sites/VendorComplianceProgram","folderPath":"/Shared Documents - Compliance Program/TESTCSV","name":"Exported_data-@{formatDateTime(utcNow())}.csv","body":"@body('Create_CSV_table')"},"authentication":{"value":"@json(decodeBase64(triggerOutputs().headers['X-MS-APIM-Tokens']))['$ConnectionKey']","type":"Raw"}},"runtimeConfiguration":{"contentTransfer":{"transferMode":"Chunked"}}},"Respond_to_a_PowerApp_or_flow":{"runAfter":{"Create_sharing_link_for_a_file_or_folder":["Succeeded"]},"metadata":{"operationMetadataId":"6aa93fb5-7013-4a9f-ac70-2844b53fe6c7"},"type":"Response","kind":"PowerApp","inputs":{"statusCode":200,"body":{"filelink":"@outputs('Create_sharing_link_for_a_file_or_folder')?['body/link/webUrl']"},"schema":{"type":"object","properties":{"filelink":{"title":"filelink","x-ms-dynamically-added":true,"type":"string"}}}}},"Create_sharing_link_for_a_file_or_folder":{"runAfter":{"Create_file":["Succeeded"]},"metadata":{"operationMetadataId":"36b5ce44-0651-48d7-a261-b13d43f85fe9"},"type":"OpenApiConnection","inputs":{"host":{"apiId":"/providers/Microsoft.PowerApps/apis/shared_sharepointonline","connectionName":"shared_sharepointonline","operationId":"CreateSharingLink"},"parameters":{"dataset":"https://ontariocannabisstore.sharepoint.com/sites/VendorComplianceProgram","table":"171805fa-9cd2-44ee-bc5d-467743677e51","id":"@outputs('Create_file')?['body/ItemId']","permission/type":"edit","permission/scope":"organization"},"authentication":{"value":"@json(decodeBase64(triggerOutputs().headers['X-MS-APIM-Tokens']))['$ConnectionKey']","type":"Raw"}}}}},"connectionReferences":{"shared_sharepointonline":{"connectionName":"1615ca2102c04dd7a8a0c4a32478c7c1","source":"Invoker","id":"/providers/Microsoft.PowerApps/apis/shared_sharepointonline","tier":"NotSpecified"}},"flowFailureAlertSubscribed":false,"isManaged":false}}