{"schemaVersion":"1.0","appDefinitionTemplate":{"id":"/providers/Microsoft.PowerApps/apps/","type":"Microsoft.PowerApps/apps","tags":{"primaryDeviceWidth":"1229","primaryDeviceHeight":"768","supportsPortrait":"true","supportsLandscape":"true","primaryFormFactor":"Tablet","publisherVersion":"3.23082.17","minimumRequiredApiVersion":"2.2.0","hasComponent":"false","hasUnlockedComponent":"false","isUnifiedRootApp":"false","sienaVersion":"20230823T132004Z-3.23082.17.0","showStatusBar":"false"},"properties":{"appVersion":"2023-08-23T13:20:04Z","lifeCycleId":"Published","createdByClientVersion":{"major":3,"minor":23082,"build":17,"revision":0,"majorRevision":0,"minorRevision":0},"minClientVersion":{"major":3,"minor":23082,"build":17,"revision":0,"majorRevision":0,"minorRevision":0},"backgroundColor":"RGBA(0,176,240,1)","backgroundImageUri":"/17193895557381557454/N598a9076-62fa-4ae0-af39-400e17ba5dd2-logoSmallFile","displayName":"Vendor NCR Management","description":"Publish on May 11 2023 - testing","commitMessage":"","appUris":{"documentUri":{"value":"/17193895557381557454/N5e7b1509-c87c-413f-8bd3-7d87885be0f5-document.msapp"},"imageUris":[],"additionalUris":[]},"createdTime":"0001-01-01T00:00:00Z","lastModifiedTime":"0001-01-01T00:00:00Z","sharedGroupsCount":0,"sharedUsersCount":0,"connectionReferences":{"7e5700a8-1498-4dd4-a4f8-b8f8b3e95f75":{"id":"f937b428-6ec3-41d6-9aaa-6eceebf2558d","displayName":"SharePoint","iconUri":"https://connectoricons-prod.azureedge.net/u/shgogna/globalperconnector-train1/1.0.1639.3310/sharepointonline/icon.png","dataSources":["2-SANDBOX-NCR-VENDOR-RESPONSES","3-SANDBOX-VENDOR-MANAGEMENT","5-SANDBOX-USER-GROUP","1-UPDATED-SANDBOX-NCR-DATASOURCE2"],"dependencies":[],"dependents":["dcfd42e1-7d51-4f3c-b962-129e7ef4a8d0","6737fc49-0429-4c0f-b86c-6cebabbf6d39","6fc102f8-ac77-4ab1-80fe-66e4f9e43006"],"parameterHints":{},"parameterHintsV2":{},"isOnPremiseConnection":false,"bypassConsent":false,"dataSets":{"https://ontariocannabisstore-my.sharepoint.com/personal/muhammadsajid_iqbal_ocs_ca/_layouts/15/lists.aspx":{"dataSources":{"2-SANDBOX-NCR-VENDOR-RESPONSES":{"tableName":"4bd5cb4a-380a-468c-b008-86b48f143b99"},"3-SANDBOX-VENDOR-MANAGEMENT":{"tableName":"4caafbdc-40a8-446c-999e-cc5bba2d4ce4"},"5-SANDBOX-USER-GROUP":{"tableName":"72f7cbc8-f613-4c81-b0e5-78041098e95d"},"1-UPDATED-SANDBOX-NCR-DATASOURCE2":{"tableName":"f99114ab-9dcb-4697-b287-1ac6f9f121dd"}}}},"apiTier":"Standard","isCustomApiConnection":false,"actions":["providers/PowerPlatform.Governance/Operations/Read","providers/PowerPlatform.Governance/Operations/Write","providers/PowerPlatform.Governance/Operations/Delete"]},"bb117a4e-b975-4309-b1bd-4e8ad5451ccd":{"id":"f9c2b69a-f0f3-40e5-a2a8-103cb5227c71","displayName":"Office 365 Users","iconUri":"https://connectoricons-prod.azureedge.net/releases/v1.0.1649/1.0.1649.3368/office365users/icon.png","dataSources":["Office365Users"],"dependencies":[],"dependents":[],"parameterHints":{},"parameterHintsV2":{},"isOnPremiseConnection":false,"bypassConsent":false,"dataSets":{},"apiTier":"Standard","isCustomApiConnection":false},"658e0fa8-ec00-4b53-a72a-0cd4a9b5ff66":{"id":"e3067179-9bb9-489f-8bd1-ea0e3ccccec6","displayName":"Office 365 Outlook","iconUri":"https://connectoricons-prod.azureedge.net/releases/v1.0.1649/1.0.1649.3368/office365/icon.png","dataSources":["Office365Outlook"],"dependencies":[],"dependents":[],"parameterHints":{},"parameterHintsV2":{},"isOnPremiseConnection":false,"bypassConsent":false,"dataSets":{},"apiTier":"Standard","isCustomApiConnection":false,"actions":["SendEmailV2"]},"785f19b4-6fbd-491c-b233-2a6ad5af61e2":{"id":"a187e0c3-87ac-4b3c-bcd0-df7257fbdd1c","displayName":"Logic flows","iconUri":"https://connectoricons-prod.azureedge.net/releases/v1.0.1653/1.0.1653.3403/logicflows/icon.png","dataSources":["ExporttoExcel"],"dependencies":[],"dependents":[],"parameterHints":{"workflowName":{"value":"2e64de9e-4762-4818-b77e-e16cbf010307"},"workflowEntityId":{}},"parameterHintsV2":{"workflowName":{"value":"2e64de9e-4762-4818-b77e-e16cbf010307"},"workflowEntityId":{}},"isOnPremiseConnection":false,"bypassConsent":false,"dataSets":{},"apiTier":"Standard","isCustomApiConnection":false,"nestedActions":[]},"dcfd42e1-7d51-4f3c-b962-129e7ef4a8d0":{"id":"a187e0c3-87ac-4b3c-bcd0-df7257fbdd1c","displayName":"Logic flows","iconUri":"https://connectoricons-prod.azureedge.net/releases/v1.0.1653/1.0.1653.3403/logicflows/icon.png","dataSources":["ExportCSV"],"dependencies":["7e5700a8-1498-4dd4-a4f8-b8f8b3e95f75"],"dependents":[],"parameterHints":{"workflowName":{"value":"7a0b8f89-22ea-4183-a1d1-db9b087b4425"},"workflowEntityId":{},"7e5700a8-1498-4dd4-a4f8-b8f8b3e95f75":{"value":"shared_sharepointonline"}},"parameterHintsV2":{"workflowName":{"value":"7a0b8f89-22ea-4183-a1d1-db9b087b4425"},"workflowEntityId":{},"shared_sharepointonline":{"value":"7e5700a8-1498-4dd4-a4f8-b8f8b3e95f75"}},"isOnPremiseConnection":false,"bypassConsent":false,"dataSets":{},"apiTier":"Standard","isCustomApiConnection":false,"actions":["Run"],"nestedActions":[{"id":"/providers/Microsoft.PowerApps/apis/shared_sharepointonline/apiOperations/GetItems","apiName":"SharePoint","actionName":"GetItems","referencedResources":[{"key":"site","value":"https://ontariocannabisstore-my.sharepoint.com/personal/muhammadsajid_iqbal_ocs_ca"},{"key":"list","value":"f99114ab-9dcb-4697-b287-1ac6f9f121dd"}]},{"id":"/providers/Microsoft.PowerApps/apis/shared_sharepointonline/apiOperations/CreateFile","apiName":"SharePoint","actionName":"CreateFile","referencedResources":[{"key":"site","value":"https://ontariocannabisstore.sharepoint.com/sites/VendorComplianceProgram"}]}]},"6737fc49-0429-4c0f-b86c-6cebabbf6d39":{"id":"a187e0c3-87ac-4b3c-bcd0-df7257fbdd1c","displayName":"Logic flows","iconUri":"https://connectoricons-prod.azureedge.net/releases/v1.0.1653/1.0.1653.3403/logicflows/icon.png","dataSources":["PowerApp->Updateitem"],"dependencies":["7e5700a8-1498-4dd4-a4f8-b8f8b3e95f75"],"dependents":[],"parameterHints":{"workflowName":{"value":"23842f03-c651-4f5b-9dec-88cc1fa69f3d"},"workflowEntityId":{},"7e5700a8-1498-4dd4-a4f8-b8f8b3e95f75":{"value":"shared_sharepointonline"}},"parameterHintsV2":{"workflowName":{"value":"23842f03-c651-4f5b-9dec-88cc1fa69f3d"},"workflowEntityId":{},"shared_sharepointonline":{"value":"7e5700a8-1498-4dd4-a4f8-b8f8b3e95f75"}},"isOnPremiseConnection":false,"bypassConsent":false,"dataSets":{},"apiTier":"Standard","isCustomApiConnection":false,"nestedActions":[{"id":"/providers/Microsoft.PowerApps/apis/shared_sharepointonline/apiOperations/PatchItem","apiName":"SharePoint","actionName":"PatchItem","referencedResources":[{"key":"site","value":"https://ontariocannabisstore-my.sharepoint.com/personal/muhammadsajid_iqbal_ocs_ca/_layouts/15/Lists.aspx?login_hint=muhammadsajid%2Eiqbal%40ocs%2Eca"},{"key":"list","value":"f99114ab-9dcb-4697-b287-1ac6f9f121dd"}]}]},"6fc102f8-ac77-4ab1-80fe-66e4f9e43006":{"id":"a187e0c3-87ac-4b3c-bcd0-df7257fbdd1c","displayName":"Logic flows","iconUri":"https://connectoricons-prod.azureedge.net/releases/v1.0.1653/1.0.1653.3403/logicflows/icon.png","dataSources":["ImportExcel"],"dependencies":["ff5a2ef5-871c-4966-9857-c3d4310f5145","7e5700a8-1498-4dd4-a4f8-b8f8b3e95f75"],"dependents":[],"parameterHints":{"workflowName":{"value":"be07f9e8-cdd6-4605-afcd-4a727a3d919e"},"workflowEntityId":{},"ff5a2ef5-871c-4966-9857-c3d4310f5145":{"value":"shared_excelonlinebusiness"},"7e5700a8-1498-4dd4-a4f8-b8f8b3e95f75":{"value":"shared_sharepointonline"}},"parameterHintsV2":{"workflowName":{"value":"be07f9e8-cdd6-4605-afcd-4a727a3d919e"},"workflowEntityId":{},"shared_excelonlinebusiness":{"value":"ff5a2ef5-871c-4966-9857-c3d4310f5145"},"shared_sharepointonline":{"value":"7e5700a8-1498-4dd4-a4f8-b8f8b3e95f75"}},"isOnPremiseConnection":false,"bypassConsent":false,"dataSets":{},"apiTier":"Standard","isCustomApiConnection":false,"actions":["Run"],"nestedActions":[{"id":"/providers/Microsoft.PowerApps/apis/shared_excelonlinebusiness/apiOperations/GetItems","apiName":"Excel Online (Business)","actionName":"GetItems","referencedResources":[{"key":"fileId","value":"b!aBkx8-0F1katStYU33IOmkLtjQyt6HxAnEemAFq0x4f6BRgX0pzuRLxdRndDZ35R/01TJ3LUVYPOTBEWH4JF5GI5RSGWXGKQFL3"},{"key":"table","value":"{BC1FA40C-5CC5-4481-A1EA-0E42BDABF334}"}]},{"id":"/providers/Microsoft.PowerApps/apis/shared_sharepointonline/apiOperations/PostItem","apiName":"SharePoint","actionName":"PostItem","referencedResources":[{"key":"site","value":"https://ontariocannabisstore-my.sharepoint.com/personal/muhammadsajid_iqbal_ocs_ca"},{"key":"list","value":"f99114ab-9dcb-4697-b287-1ac6f9f121dd"}]},{"id":"/providers/Microsoft.PowerApps/apis/shared_sharepointonline/apiOperations/PatchItem","apiName":"SharePoint","actionName":"PatchItem","referencedResources":[{"key":"site","value":"https://ontariocannabisstore-my.sharepoint.com/personal/muhammadsajid_iqbal_ocs_ca"},{"key":"list","value":"f99114ab-9dcb-4697-b287-1ac6f9f121dd"}]}]},"ff5a2ef5-871c-4966-9857-c3d4310f5145":{"id":"80a9c60c-6fed-468f-8024-f84f50da10cd","displayName":"Excel Online (Business)","iconUri":"https://connectoricons-prod.azureedge.net/releases/v1.0.1651/1.0.1651.3382/excelonlinebusiness/icon.png","dataSources":["Table1"],"dependencies":[],"dependents":["6fc102f8-ac77-4ab1-80fe-66e4f9e43006"],"parameterHints":{},"parameterHintsV2":{},"isOnPremiseConnection":false,"bypassConsent":false,"dataSets":{"groups%252F4b83cf55-c717-4b23-ae4d-c990b4d7d8f9,b%2521aBkx8-0F1katStYU33IOmkLtjQyt6HxAnEemAFq0x4f6BRgX0pzuRLxdRndDZ35R,01TJ3LUVYPOTBEWH4JF5GI5RSGWXGKQFL3":{"dataSources":{"Table1":{"tableName":"{BC1FA40C-5CC5-4481-A1EA-0E42BDABF334}"}}}},"apiTier":"Standard","isCustomApiConnection":false,"actions":["providers/PowerPlatform.Governance/Operations/Read"]},"096e115a-af22-4ef2-ac22-d0ac3c3b09b2":{"id":"a187e0c3-87ac-4b3c-bcd0-df7257fbdd1c","displayName":"Logic flows","iconUri":"https://connectoricons-prod.azureedge.net/releases/v1.0.1653/1.0.1653.3403/logicflows/icon.png","dataSources":["ExportCollection"],"dependencies":[],"dependents":[],"parameterHints":{"workflowName":{"value":"3ea3291d-3b6d-4222-837b-d80bfca2ffd8"},"workflowEntityId":{}},"parameterHintsV2":{"workflowName":{"value":"3ea3291d-3b6d-4222-837b-d80bfca2ffd8"},"workflowEntityId":{}},"isOnPremiseConnection":false,"bypassConsent":false,"dataSets":{},"apiTier":"Standard","isCustomApiConnection":false,"actions":["Run"],"nestedActions":[{"id":"/providers/Microsoft.PowerApps/apis/shared_sharepointonline/apiOperations/CreateFile","apiName":"SharePoint","actionName":"CreateFile","referencedResources":[{"key":"site","value":"https://ontariocannabisstore.sharepoint.com/sites/VendorComplianceProgram"}]},{"id":"/providers/Microsoft.PowerApps/apis/shared_sharepointonline/apiOperations/CreateSharingLink","apiName":"SharePoint","actionName":"CreateSharingLink","referencedResources":[{"key":"site","value":"https://ontariocannabisstore.sharepoint.com/sites/VendorComplianceProgram"},{"key":"list","value":"171805fa-9cd2-44ee-bc5d-467743677e51"}]}]},"f448dd65-85e1-444b-aca3-a315b8c7291d":{"id":"f937b428-6ec3-41d6-9aaa-6eceebf2558d","displayName":"SharePoint","iconUri":"https://connectoricons-prod.azureedge.net/u/shgogna/globalperconnector-train1/1.0.1639.3310/sharepointonline/icon.png","dataSources":["emptyList"],"dependencies":[],"dependents":[],"parameterHints":{},"parameterHintsV2":{},"isOnPremiseConnection":false,"bypassConsent":false,"dataSets":{"https://ontariocannabisstore-my.sharepoint.com/personal/muhammadsajid_iqbal_ocs_ca":{"dataSources":{"emptyList":{"tableName":"5dc0dcb3-cad9-4808-a562-3057a1603e0b"}}}},"apiTier":"Standard","isCustomApiConnection":false,"actions":["providers/PowerPlatform.Governance/Operations/Read","providers/PowerPlatform.Governance/Operations/Write"]}},"databaseReferences":{},"almMode":"Environment","performanceOptimizationEnabled":true,"canConsumeAppPass":true,"enableModernRuntimeMode":false,"executionRestrictions":{"isTeamsOnly":false,"dataLossPreventionEvaluationResult":{"status":"Compliant","lastEvaluationDate":"2023-08-23T13:20:31.5382653Z","violations":[],"violationsByPolicy":[],"violationErrorMessage":"The app uses the following connectors: shared_sharepointonline, shared_office365users, shared_office365, shared_logicflows, shared_excelonlinebusiness."},"httpActionRestriction":{"appUsesSharepointHttpAction":false,"enforcementStrategy":"Legacy","evaluationTime":"2023-08-23T13:20:31.5381388Z"}}},"appType":"ClassicCanvasApp","appComponents":[]}}