{"name":"7be2f147-8372-4592-bea6-a9aa17782dd3","id":"/providers/Microsoft.Flow/flows/7be2f147-8372-4592-bea6-a9aa17782dd3","type":"Microsoft.Flow/flows","properties":{"apiId":"/providers/Microsoft.PowerApps/apis/shared_logicflows","displayName":"PowerApp -> Update item","definition":{"metadata":{"workflowEntityId":null,"processAdvisorMetadata":null,"flowChargedByPaygo":null,"flowclientsuspensionreason":"None","flowclientsuspensiontime":null,"flowclientsuspensionreasondetails":null,"creator":{"id":"d846412e-6117-442d-823f-5b260e3cf815","type":"User","tenantId":"6e9d22f8-d9e5-4479-bfef-33ab60f4da24"},"provisioningMethod":"FromDefinition","failureAlertSubscription":true,"clientLastModifiedTime":"2023-05-10T14:25:33.5951254Z"},"$schema":"https://schema.management.azure.com/providers/Microsoft.Logic/schemas/2016-06-01/workflowdefinition.json#","contentVersion":"1.0.0.0","parameters":{"$connections":{"defaultValue":{},"type":"Object"},"$authentication":{"defaultValue":{},"type":"SecureObject"}},"triggers":{"manual":{"metadata":{"operationMetadataId":"f1b9bcc7-8e6d-403d-83bf-c8c5476b4e66"},"type":"Request","kind":"PowerApp","inputs":{"schema":{"type":"object","properties":{"Updateitem_Id":{"type":"integer","format":"int64","description":"Unique identifier of item to be updated","x-ms-powerflows-param-ispartial":false}},"required":["Updateitem_Id"]}}}},"actions":{"Update_item":{"runAfter":{},"metadata":{"operationMetadataId":"e938e808-4720-4336-bf0e-38348b82d9b8"},"type":"OpenApiConnection","inputs":{"host":{"apiId":"/providers/Microsoft.PowerApps/apis/shared_sharepointonline","connectionName":"shared_sharepointonline","operationId":"PatchItem"},"parameters":{"dataset":"https://ontariocannabisstore-my.sharepoint.com/personal/muhammadsajid_iqbal_ocs_ca/_layouts/15/Lists.aspx?login_hint=muhammadsajid%2Eiqbal%40ocs%2Eca","table":"f99114ab-9dcb-4697-b287-1ac6f9f121dd","id":"@triggerBody()['Updateitem_Id']","item/Title":"@concat('NCR-',formatDateTime(utcNow(),'yyyy'), '-' , add(add(triggerBody()['Updateitem_Id'],0),1000))"},"authentication":{"value":"@json(decodeBase64(triggerOutputs().headers['X-MS-APIM-Tokens']))['$ConnectionKey']","type":"Raw"}}}}},"connectionReferences":{"shared_sharepointonline":{"connectionName":"1615ca2102c04dd7a8a0c4a32478c7c1","source":"Invoker","id":"/providers/Microsoft.PowerApps/apis/shared_sharepointonline","tier":"NotSpecified"}},"flowFailureAlertSubscribed":false,"isManaged":false}}