{"name":"d3744860-ff90-4c94-ac4e-71c6d9ffd3bd","id":"/providers/Microsoft.Flow/flows/d3744860-ff90-4c94-ac4e-71c6d9ffd3bd","type":"Microsoft.Flow/flows","properties":{"apiId":"/providers/Microsoft.PowerApps/apis/shared_logicflows","displayName":"ExportCSV","definition":{"metadata":{"workflowEntityId":null,"processAdvisorMetadata":null,"flowChargedByPaygo":null,"flowclientsuspensionreason":"None","flowclientsuspensiontime":null,"flowclientsuspensionreasondetails":null,"creator":{"id":"d846412e-6117-442d-823f-5b260e3cf815","type":"User","tenantId":"6e9d22f8-d9e5-4479-bfef-33ab60f4da24"},"provisioningMethod":"FromDefinition","failureAlertSubscription":true,"clientLastModifiedTime":"2023-05-04T15:16:22.9601789Z"},"$schema":"https://schema.management.azure.com/providers/Microsoft.Logic/schemas/2016-06-01/workflowdefinition.json#","contentVersion":"1.0.0.0","parameters":{"$connections":{"defaultValue":{},"type":"Object"},"$authentication":{"defaultValue":{},"type":"SecureObject"}},"triggers":{"manual":{"metadata":{"operationMetadataId":"5418aa98-634d-4b9d-a480-424279df2621"},"type":"Request","kind":"PowerApp","inputs":{"schema":{"type":"object","properties":{},"required":[]}}}},"actions":{"Get_items":{"runAfter":{},"metadata":{"operationMetadataId":"5763b131-8d40-420b-991f-82ad9fb2c199"},"type":"OpenApiConnection","inputs":{"host":{"apiId":"/providers/Microsoft.PowerApps/apis/shared_sharepointonline","connectionName":"shared_sharepointonline","operationId":"GetItems"},"parameters":{"dataset":"https://ontariocannabisstore-my.sharepoint.com/personal/muhammadsajid_iqbal_ocs_ca","table":"f99114ab-9dcb-4697-b287-1ac6f9f121dd"},"authentication":{"value":"@json(decodeBase64(triggerOutputs().headers['X-MS-APIM-Tokens']))['$ConnectionKey']","type":"Raw"}}},"Create_CSV_table":{"runAfter":{"Get_items":["Succeeded"]},"metadata":{"operationMetadataId":"1df24a21-aed2-40ad-85e2-c3ca80e97f62"},"type":"Table","inputs":{"from":"@outputs('Get_items')?['body/value']","format":"CSV"}},"Create_file":{"runAfter":{"Create_CSV_table":["Succeeded"]},"metadata":{"operationMetadataId":"fecad057-2ec8-4ce4-bb8c-95711708af08"},"type":"OpenApiConnection","inputs":{"host":{"apiId":"/providers/Microsoft.PowerApps/apis/shared_sharepointonline","connectionName":"shared_sharepointonline","operationId":"CreateFile"},"parameters":{"dataset":"https://ontariocannabisstore.sharepoint.com/sites/VendorComplianceProgram","folderPath":"/Shared Documents - Compliance Program/TESTCSV","name":"exportdata.csv","body":"@body('Create_CSV_table')"},"authentication":{"value":"@json(decodeBase64(triggerOutputs().headers['X-MS-APIM-Tokens']))['$ConnectionKey']","type":"Raw"}},"runtimeConfiguration":{"contentTransfer":{"transferMode":"Chunked"}}}}},"connectionReferences":{"shared_sharepointonline":{"connectionName":"1615ca2102c04dd7a8a0c4a32478c7c1","source":"Invoker","id":"/providers/Microsoft.PowerApps/apis/shared_sharepointonline","tier":"NotSpecified"}},"flowFailureAlertSubscribed":false,"isManaged":false}}